{"Количество теплоты, внутренняя энергия":{"x":916.0538854491033,"y":2367.7222886299505},"Уравнение теплового баланса":{"x":1231.0146774723157,"y":2468.8019304429968},"Комплексные числа":{"x":4752.099697657613,"y":1455.1413989426685},"Электрический заряд. Закон Кулона.":{"x":319.17760670334513,"y":1633.3045457994392}}